any;àmbit territorial de planificació;branques d'activitat;concepte;estat;valor
2011;Metropolità;"comerç a l'engròs i al detall; reparació de vehicles de motor i motocicletes";valor afegit brut (milions €);;20541,9
2011;Metropolità;transport, informació i comunicacions;valor afegit brut (milions €);;13439,3
2011;Metropolità;hostaleria;valor afegit brut (milions €);;7022,3
2011;Metropolità;activitats financeres i d'assegurances;valor afegit brut (milions €);;5999,8
2011;Metropolità;activitats immobiliàries, tècniques i administratives;valor afegit brut (milions €);;29543,3
2011;Metropolità;administració pública i altres serveis;valor afegit brut (milions €);;25644,4
2011;Metropolità;total;valor afegit brut (milions €);;102191
2011;Comarques Gironines;"comerç a l'engròs i al detall; reparació de vehicles de motor i motocicletes";valor afegit brut (milions €);;2375,1
2011;Comarques Gironines;transport, informació i comunicacions;valor afegit brut (milions €);;771,5
2011;Comarques Gironines;hostaleria;valor afegit brut (milions €);;1276,4
2011;Comarques Gironines;activitats financeres i d'assegurances;valor afegit brut (milions €);;521,3
2011;Comarques Gironines;activitats immobiliàries, tècniques i administratives;valor afegit brut (milions €);;2932,6
2011;Comarques Gironines;administració pública i altres serveis;valor afegit brut (milions €);;3100,2
2011;Comarques Gironines;total;valor afegit brut (milions €);;10977,1
2011;Camp de Tarragona;"comerç a l'engròs i al detall; reparació de vehicles de motor i motocicletes";valor afegit brut (milions €);;1491,3
2011;Camp de Tarragona;transport, informació i comunicacions;valor afegit brut (milions €);;867,1
2011;Camp de Tarragona;hostaleria;valor afegit brut (milions €);;901,6
2011;Camp de Tarragona;activitats financeres i d'assegurances;valor afegit brut (milions €);;329,7
2011;Camp de Tarragona;activitats immobiliàries, tècniques i administratives;valor afegit brut (milions €);;2148,2
2011;Camp de Tarragona;administració pública i altres serveis;valor afegit brut (milions €);;2618,2
2011;Camp de Tarragona;total;valor afegit brut (milions €);;8356
2011;Terres de l'Ebre;"comerç a l'engròs i al detall; reparació de vehicles de motor i motocicletes";valor afegit brut (milions €);;479,4
2011;Terres de l'Ebre;transport, informació i comunicacions;valor afegit brut (milions €);;182
2011;Terres de l'Ebre;hostaleria;valor afegit brut (milions €);;149,4
2011;Terres de l'Ebre;activitats financeres i d'assegurances;valor afegit brut (milions €);;101
2011;Terres de l'Ebre;activitats immobiliàries, tècniques i administratives;valor afegit brut (milions €);;502,5
2011;Terres de l'Ebre;administració pública i altres serveis;valor afegit brut (milions €);;713
2011;Terres de l'Ebre;total;valor afegit brut (milions €);;2127,4
2011;Ponent;"comerç a l'engròs i al detall; reparació de vehicles de motor i motocicletes";valor afegit brut (milions €);;1317
2011;Ponent;transport, informació i comunicacions;valor afegit brut (milions €);;506,5
2011;Ponent;hostaleria;valor afegit brut (milions €);;279,2
2011;Ponent;activitats financeres i d'assegurances;valor afegit brut (milions €);;219,2
2011;Ponent;activitats immobiliàries, tècniques i administratives;valor afegit brut (milions €);;1186,5
2011;Ponent;administració pública i altres serveis;valor afegit brut (milions €);;1792,7
2011;Ponent;total;valor afegit brut (milions €);;5301
2011;Comarques Centrals;"comerç a l'engròs i al detall; reparació de vehicles de motor i motocicletes";valor afegit brut (milions €);;1255,3
2011;Comarques Centrals;transport, informació i comunicacions;valor afegit brut (milions €);;477
2011;Comarques Centrals;hostaleria;valor afegit brut (milions €);;317,6
2011;Comarques Centrals;activitats financeres i d'assegurances;valor afegit brut (milions €);;233,7
2011;Comarques Centrals;activitats immobiliàries, tècniques i administratives;valor afegit brut (milions €);;1531,5
2011;Comarques Centrals;administració pública i altres serveis;valor afegit brut (milions €);;1461,5
2011;Comarques Centrals;total;valor afegit brut (milions €);;5276,6
2011;Alt Pirineu i Aran;"comerç a l'engròs i al detall; reparació de vehicles de motor i motocicletes";valor afegit brut (milions €);;165
2011;Alt Pirineu i Aran;transport, informació i comunicacions;valor afegit brut (milions €);;66,5
2011;Alt Pirineu i Aran;hostaleria;valor afegit brut (milions €);;218,5
2011;Alt Pirineu i Aran;activitats financeres i d'assegurances;valor afegit brut (milions €);;34
2011;Alt Pirineu i Aran;activitats immobiliàries, tècniques i administratives;valor afegit brut (milions €);;271,1
2011;Alt Pirineu i Aran;administració pública i altres serveis;valor afegit brut (milions €);;362,3
2011;Alt Pirineu i Aran;total;valor afegit brut (milions €);;1117,3
2011;Penedès;"comerç a l'engròs i al detall; reparació de vehicles de motor i motocicletes";valor afegit brut (milions €);;1240,3
2011;Penedès;transport, informació i comunicacions;valor afegit brut (milions €);;428,6
2011;Penedès;hostaleria;valor afegit brut (milions €);;472,7
2011;Penedès;activitats financeres i d'assegurances;valor afegit brut (milions €);;269,4
2011;Penedès;activitats immobiliàries, tècniques i administratives;valor afegit brut (milions €);;1836,7
2011;Penedès;administració pública i altres serveis;valor afegit brut (milions €);;1433,3
2011;Penedès;total;valor afegit brut (milions €);;5680,9
2011;Catalunya;"comerç a l'engròs i al detall; reparació de vehicles de motor i motocicletes";valor afegit brut (milions €);;28865,3
2011;Catalunya;transport, informació i comunicacions;valor afegit brut (milions €);;16738,4
2011;Catalunya;hostaleria;valor afegit brut (milions €);;10637,7
2011;Catalunya;activitats financeres i d'assegurances;valor afegit brut (milions €);;7708,1
2011;Catalunya;activitats immobiliàries, tècniques i administratives;valor afegit brut (milions €);;39952,3
2011;Catalunya;administració pública i altres serveis;valor afegit brut (milions €);;37125,5
2011;Catalunya;total;valor afegit brut (milions €);;141027,4
2012;Metropolità;"comerç a l'engròs i al detall; reparació de vehicles de motor i motocicletes";valor afegit brut (milions €);;20367,2
2012;Metropolità;transport, informació i comunicacions;valor afegit brut (milions €);;12930,8
2012;Metropolità;hostaleria;valor afegit brut (milions €);;6937,5
2012;Metropolità;activitats financeres i d'assegurances;valor afegit brut (milions €);;5682,3
2012;Metropolità;activitats immobiliàries, tècniques i administratives;valor afegit brut (milions €);;29366,2
2012;Metropolità;administració pública i altres serveis;valor afegit brut (milions €);;25638,5
2012;Metropolità;total;valor afegit brut (milions €);;100922,4
2012;Comarques Gironines;"comerç a l'engròs i al detall; reparació de vehicles de motor i motocicletes";valor afegit brut (milions €);;2467,3
2012;Comarques Gironines;transport, informació i comunicacions;valor afegit brut (milions €);;773,1
2012;Comarques Gironines;hostaleria;valor afegit brut (milions €);;1247,5
2012;Comarques Gironines;activitats financeres i d'assegurances;valor afegit brut (milions €);;487,3
2012;Comarques Gironines;activitats immobiliàries, tècniques i administratives;valor afegit brut (milions €);;2935,6
2012;Comarques Gironines;administració pública i altres serveis;valor afegit brut (milions €);;3132,7
2012;Comarques Gironines;total;valor afegit brut (milions €);;11043,5
2012;Camp de Tarragona;"comerç a l'engròs i al detall; reparació de vehicles de motor i motocicletes";valor afegit brut (milions €);;1417
2012;Camp de Tarragona;transport, informació i comunicacions;valor afegit brut (milions €);;964,5
2012;Camp de Tarragona;hostaleria;valor afegit brut (milions €);;840,9
2012;Camp de Tarragona;activitats financeres i d'assegurances;valor afegit brut (milions €);;309,4
2012;Camp de Tarragona;activitats immobiliàries, tècniques i administratives;valor afegit brut (milions €);;2154,5
2012;Camp de Tarragona;administració pública i altres serveis;valor afegit brut (milions €);;2607,5
2012;Camp de Tarragona;total;valor afegit brut (milions €);;8293,8
2012;Terres de l'Ebre;"comerç a l'engròs i al detall; reparació de vehicles de motor i motocicletes";valor afegit brut (milions €);;481,2
2012;Terres de l'Ebre;transport, informació i comunicacions;valor afegit brut (milions €);;143,9
2012;Terres de l'Ebre;hostaleria;valor afegit brut (milions €);;147
2012;Terres de l'Ebre;activitats financeres i d'assegurances;valor afegit brut (milions €);;94,7
2012;Terres de l'Ebre;activitats immobiliàries, tècniques i administratives;valor afegit brut (milions €);;492
2012;Terres de l'Ebre;administració pública i altres serveis;valor afegit brut (milions €);;689,1
2012;Terres de l'Ebre;total;valor afegit brut (milions €);;2047,9
2012;Ponent;"comerç a l'engròs i al detall; reparació de vehicles de motor i motocicletes";valor afegit brut (milions €);;1290,1
2012;Ponent;transport, informació i comunicacions;valor afegit brut (milions €);;498,2
2012;Ponent;hostaleria;valor afegit brut (milions €);;271,8
2012;Ponent;activitats financeres i d'assegurances;valor afegit brut (milions €);;207,9
2012;Ponent;activitats immobiliàries, tècniques i administratives;valor afegit brut (milions €);;1164,7
2012;Ponent;administració pública i altres serveis;valor afegit brut (milions €);;1774,2
2012;Ponent;total;valor afegit brut (milions €);;5207
2012;Comarques Centrals;"comerç a l'engròs i al detall; reparació de vehicles de motor i motocicletes";valor afegit brut (milions €);;1218,8
2012;Comarques Centrals;transport, informació i comunicacions;valor afegit brut (milions €);;448,4
2012;Comarques Centrals;hostaleria;valor afegit brut (milions €);;307,2
2012;Comarques Centrals;activitats financeres i d'assegurances;valor afegit brut (milions €);;219,8
2012;Comarques Centrals;activitats immobiliàries, tècniques i administratives;valor afegit brut (milions €);;1592,9
2012;Comarques Centrals;administració pública i altres serveis;valor afegit brut (milions €);;1485,1
2012;Comarques Centrals;total;valor afegit brut (milions €);;5272,2
2012;Alt Pirineu i Aran;"comerç a l'engròs i al detall; reparació de vehicles de motor i motocicletes";valor afegit brut (milions €);;181,5
2012;Alt Pirineu i Aran;transport, informació i comunicacions;valor afegit brut (milions €);;65,4
2012;Alt Pirineu i Aran;hostaleria;valor afegit brut (milions €);;204,3
2012;Alt Pirineu i Aran;activitats financeres i d'assegurances;valor afegit brut (milions €);;31,9
2012;Alt Pirineu i Aran;activitats immobiliàries, tècniques i administratives;valor afegit brut (milions €);;279,4
2012;Alt Pirineu i Aran;administració pública i altres serveis;valor afegit brut (milions €);;367,5
2012;Alt Pirineu i Aran;total;valor afegit brut (milions €);;1129,9
2012;Penedès;"comerç a l'engròs i al detall; reparació de vehicles de motor i motocicletes";valor afegit brut (milions €);;1209,7
2012;Penedès;transport, informació i comunicacions;valor afegit brut (milions €);;404,1
2012;Penedès;hostaleria;valor afegit brut (milions €);;461,6
2012;Penedès;activitats financeres i d'assegurances;valor afegit brut (milions €);;252,4
2012;Penedès;activitats immobiliàries, tècniques i administratives;valor afegit brut (milions €);;1873
2012;Penedès;administració pública i altres serveis;valor afegit brut (milions €);;1382,8
2012;Penedès;total;valor afegit brut (milions €);;5583,5
2012;Catalunya;"comerç a l'engròs i al detall; reparació de vehicles de motor i motocicletes";valor afegit brut (milions €);;28632,9
2012;Catalunya;transport, informació i comunicacions;valor afegit brut (milions €);;16228,3
2012;Catalunya;hostaleria;valor afegit brut (milions €);;10417,7
2012;Catalunya;activitats financeres i d'assegurances;valor afegit brut (milions €);;7285,6
2012;Catalunya;activitats immobiliàries, tècniques i administratives;valor afegit brut (milions €);;39858,2
2012;Catalunya;administració pública i altres serveis;valor afegit brut (milions €);;37077,4
2012;Catalunya;total;valor afegit brut (milions €);;139500,1
2013;Metropolità;"comerç a l'engròs i al detall; reparació de vehicles de motor i motocicletes";valor afegit brut (milions €);;20479,7
2013;Metropolità;transport, informació i comunicacions;valor afegit brut (milions €);;12699,4
2013;Metropolità;hostaleria;valor afegit brut (milions €);;6713,6
2013;Metropolità;activitats financeres i d'assegurances;valor afegit brut (milions €);;4939,1
2013;Metropolità;activitats immobiliàries, tècniques i administratives;valor afegit brut (milions €);;30027,6
2013;Metropolità;administració pública i altres serveis;valor afegit brut (milions €);;25592
2013;Metropolità;total;valor afegit brut (milions €);;100451,4
2013;Comarques Gironines;"comerç a l'engròs i al detall; reparació de vehicles de motor i motocicletes";valor afegit brut (milions €);;2417,6
2013;Comarques Gironines;transport, informació i comunicacions;valor afegit brut (milions €);;828,3
2013;Comarques Gironines;hostaleria;valor afegit brut (milions €);;1240,7
2013;Comarques Gironines;activitats financeres i d'assegurances;valor afegit brut (milions €);;418,2
2013;Comarques Gironines;activitats immobiliàries, tècniques i administratives;valor afegit brut (milions €);;3167,4
2013;Comarques Gironines;administració pública i altres serveis;valor afegit brut (milions €);;3184,6
2013;Comarques Gironines;total;valor afegit brut (milions €);;11256,9
2013;Camp de Tarragona;"comerç a l'engròs i al detall; reparació de vehicles de motor i motocicletes";valor afegit brut (milions €);;1417,7
2013;Camp de Tarragona;transport, informació i comunicacions;valor afegit brut (milions €);;843,1
2013;Camp de Tarragona;hostaleria;valor afegit brut (milions €);;786,3
2013;Camp de Tarragona;activitats financeres i d'assegurances;valor afegit brut (milions €);;267,1
2013;Camp de Tarragona;activitats immobiliàries, tècniques i administratives;valor afegit brut (milions €);;2101,8
2013;Camp de Tarragona;administració pública i altres serveis;valor afegit brut (milions €);;2571,6
2013;Camp de Tarragona;total;valor afegit brut (milions €);;7987,6
2013;Terres de l'Ebre;"comerç a l'engròs i al detall; reparació de vehicles de motor i motocicletes";valor afegit brut (milions €);;474,1
2013;Terres de l'Ebre;transport, informació i comunicacions;valor afegit brut (milions €);;153,8
2013;Terres de l'Ebre;hostaleria;valor afegit brut (milions €);;150,6
2013;Terres de l'Ebre;activitats financeres i d'assegurances;valor afegit brut (milions €);;81,9
2013;Terres de l'Ebre;activitats immobiliàries, tècniques i administratives;valor afegit brut (milions €);;499,9
2013;Terres de l'Ebre;administració pública i altres serveis;valor afegit brut (milions €);;709,8
2013;Terres de l'Ebre;total;valor afegit brut (milions €);;2070
2013;Ponent;"comerç a l'engròs i al detall; reparació de vehicles de motor i motocicletes";valor afegit brut (milions €);;1265,8
2013;Ponent;transport, informació i comunicacions;valor afegit brut (milions €);;503,4
2013;Ponent;hostaleria;valor afegit brut (milions €);;272
2013;Ponent;activitats financeres i d'assegurances;valor afegit brut (milions €);;182,9
2013;Ponent;activitats immobiliàries, tècniques i administratives;valor afegit brut (milions €);;1354,5
2013;Ponent;administració pública i altres serveis;valor afegit brut (milions €);;1773,3
2013;Ponent;total;valor afegit brut (milions €);;5351,9
2013;Comarques Centrals;"comerç a l'engròs i al detall; reparació de vehicles de motor i motocicletes";valor afegit brut (milions €);;1195,8
2013;Comarques Centrals;transport, informació i comunicacions;valor afegit brut (milions €);;404,1
2013;Comarques Centrals;hostaleria;valor afegit brut (milions €);;298,1
2013;Comarques Centrals;activitats financeres i d'assegurances;valor afegit brut (milions €);;189,8
2013;Comarques Centrals;activitats immobiliàries, tècniques i administratives;valor afegit brut (milions €);;1606
2013;Comarques Centrals;administració pública i altres serveis;valor afegit brut (milions €);;1539,8
2013;Comarques Centrals;total;valor afegit brut (milions €);;5233,7
2013;Alt Pirineu i Aran;"comerç a l'engròs i al detall; reparació de vehicles de motor i motocicletes";valor afegit brut (milions €);;182,3
2013;Alt Pirineu i Aran;transport, informació i comunicacions;valor afegit brut (milions €);;58,4
2013;Alt Pirineu i Aran;hostaleria;valor afegit brut (milions €);;198,2
2013;Alt Pirineu i Aran;activitats financeres i d'assegurances;valor afegit brut (milions €);;27,4
2013;Alt Pirineu i Aran;activitats immobiliàries, tècniques i administratives;valor afegit brut (milions €);;296,3
2013;Alt Pirineu i Aran;administració pública i altres serveis;valor afegit brut (milions €);;370,4
2013;Alt Pirineu i Aran;total;valor afegit brut (milions €);;1133
2013;Penedès;"comerç a l'engròs i al detall; reparació de vehicles de motor i motocicletes";valor afegit brut (milions €);;1168,9
2013;Penedès;transport, informació i comunicacions;valor afegit brut (milions €);;377,5
2013;Penedès;hostaleria;valor afegit brut (milions €);;462,2
2013;Penedès;activitats financeres i d'assegurances;valor afegit brut (milions €);;216,2
2013;Penedès;activitats immobiliàries, tècniques i administratives;valor afegit brut (milions €);;1871,2
2013;Penedès;administració pública i altres serveis;valor afegit brut (milions €);;1402,9
2013;Penedès;total;valor afegit brut (milions €);;5499
2013;Catalunya;"comerç a l'engròs i al detall; reparació de vehicles de motor i motocicletes";valor afegit brut (milions €);;28602
2013;Catalunya;transport, informació i comunicacions;valor afegit brut (milions €);;15867,9
2013;Catalunya;hostaleria;valor afegit brut (milions €);;10121,9
2013;Catalunya;activitats financeres i d'assegurances;valor afegit brut (milions €);;6322,6
2013;Catalunya;activitats immobiliàries, tècniques i administratives;valor afegit brut (milions €);;40924,8
2013;Catalunya;administració pública i altres serveis;valor afegit brut (milions €);;37144,3
2013;Catalunya;total;valor afegit brut (milions €);;138983,5
2014;Metropolità;"comerç a l'engròs i al detall; reparació de vehicles de motor i motocicletes";valor afegit brut (milions €);;19627,3
2014;Metropolità;transport, informació i comunicacions;valor afegit brut (milions €);;12845,3
2014;Metropolità;hostaleria;valor afegit brut (milions €);;7069,4
2014;Metropolità;activitats financeres i d'assegurances;valor afegit brut (milions €);;5359,8
2014;Metropolità;activitats immobiliàries, tècniques i administratives;valor afegit brut (milions €);;31320,2
2014;Metropolità;administració pública i altres serveis;valor afegit brut (milions €);;26231,2
2014;Metropolità;total;valor afegit brut (milions €);;102453,1
2014;Comarques Gironines;"comerç a l'engròs i al detall; reparació de vehicles de motor i motocicletes";valor afegit brut (milions €);;2364
2014;Comarques Gironines;transport, informació i comunicacions;valor afegit brut (milions €);;810,3
2014;Comarques Gironines;hostaleria;valor afegit brut (milions €);;1326,1
2014;Comarques Gironines;activitats financeres i d'assegurances;valor afegit brut (milions €);;460,6
2014;Comarques Gironines;activitats immobiliàries, tècniques i administratives;valor afegit brut (milions €);;3278,5
2014;Comarques Gironines;administració pública i altres serveis;valor afegit brut (milions €);;3194,8
2014;Comarques Gironines;total;valor afegit brut (milions €);;11434,2
2014;Camp de Tarragona;"comerç a l'engròs i al detall; reparació de vehicles de motor i motocicletes";valor afegit brut (milions €);;1374,6
2014;Camp de Tarragona;transport, informació i comunicacions;valor afegit brut (milions €);;881,4
2014;Camp de Tarragona;hostaleria;valor afegit brut (milions €);;830,4
2014;Camp de Tarragona;activitats financeres i d'assegurances;valor afegit brut (milions €);;293,9
2014;Camp de Tarragona;activitats immobiliàries, tècniques i administratives;valor afegit brut (milions €);;2186,8
2014;Camp de Tarragona;administració pública i altres serveis;valor afegit brut (milions €);;2637,9
2014;Camp de Tarragona;total;valor afegit brut (milions €);;8204,9
2014;Terres de l'Ebre;"comerç a l'engròs i al detall; reparació de vehicles de motor i motocicletes";valor afegit brut (milions €);;447,9
2014;Terres de l'Ebre;transport, informació i comunicacions;valor afegit brut (milions €);;166,4
2014;Terres de l'Ebre;hostaleria;valor afegit brut (milions €);;163,9
2014;Terres de l'Ebre;activitats financeres i d'assegurances;valor afegit brut (milions €);;91,2
2014;Terres de l'Ebre;activitats immobiliàries, tècniques i administratives;valor afegit brut (milions €);;506,5
2014;Terres de l'Ebre;administració pública i altres serveis;valor afegit brut (milions €);;710,4
2014;Terres de l'Ebre;total;valor afegit brut (milions €);;2086,3
2014;Ponent;"comerç a l'engròs i al detall; reparació de vehicles de motor i motocicletes";valor afegit brut (milions €);;1250,5
2014;Ponent;transport, informació i comunicacions;valor afegit brut (milions €);;535,3
2014;Ponent;hostaleria;valor afegit brut (milions €);;286,7
2014;Ponent;activitats financeres i d'assegurances;valor afegit brut (milions €);;204,8
2014;Ponent;activitats immobiliàries, tècniques i administratives;valor afegit brut (milions €);;1050
2014;Ponent;administració pública i altres serveis;valor afegit brut (milions €);;1821,1
2014;Ponent;total;valor afegit brut (milions €);;5148,4
2014;Comarques Centrals;"comerç a l'engròs i al detall; reparació de vehicles de motor i motocicletes";valor afegit brut (milions €);;1143,9
2014;Comarques Centrals;transport, informació i comunicacions;valor afegit brut (milions €);;465
2014;Comarques Centrals;hostaleria;valor afegit brut (milions €);;341,5
2014;Comarques Centrals;activitats financeres i d'assegurances;valor afegit brut (milions €);;212,9
2014;Comarques Centrals;activitats immobiliàries, tècniques i administratives;valor afegit brut (milions €);;1572,4
2014;Comarques Centrals;administració pública i altres serveis;valor afegit brut (milions €);;1568,4
2014;Comarques Centrals;total;valor afegit brut (milions €);;5304,1
2014;Alt Pirineu i Aran;"comerç a l'engròs i al detall; reparació de vehicles de motor i motocicletes";valor afegit brut (milions €);;168,6
2014;Alt Pirineu i Aran;transport, informació i comunicacions;valor afegit brut (milions €);;65,5
2014;Alt Pirineu i Aran;hostaleria;valor afegit brut (milions €);;218,4
2014;Alt Pirineu i Aran;activitats financeres i d'assegurances;valor afegit brut (milions €);;30,5
2014;Alt Pirineu i Aran;activitats immobiliàries, tècniques i administratives;valor afegit brut (milions €);;255,2
2014;Alt Pirineu i Aran;administració pública i altres serveis;valor afegit brut (milions €);;374,5
2014;Alt Pirineu i Aran;total;valor afegit brut (milions €);;1112,7
2014;Penedès;"comerç a l'engròs i al detall; reparació de vehicles de motor i motocicletes";valor afegit brut (milions €);;1108,2
2014;Penedès;transport, informació i comunicacions;valor afegit brut (milions €);;390,1
2014;Penedès;hostaleria;valor afegit brut (milions €);;473,1
2014;Penedès;activitats financeres i d'assegurances;valor afegit brut (milions €);;238,3
2014;Penedès;activitats immobiliàries, tècniques i administratives;valor afegit brut (milions €);;1912,1
2014;Penedès;administració pública i altres serveis;valor afegit brut (milions €);;1431,2
2014;Penedès;total;valor afegit brut (milions €);;5552,9
2014;Catalunya;"comerç a l'engròs i al detall; reparació de vehicles de motor i motocicletes";valor afegit brut (milions €);;27484,9
2014;Catalunya;transport, informació i comunicacions;valor afegit brut (milions €);;16159,2
2014;Catalunya;hostaleria;valor afegit brut (milions €);;10709,4
2014;Catalunya;activitats financeres i d'assegurances;valor afegit brut (milions €);;6892
2014;Catalunya;activitats immobiliàries, tècniques i administratives;valor afegit brut (milions €);;42081,8
2014;Catalunya;administració pública i altres serveis;valor afegit brut (milions €);;37969,4
2014;Catalunya;total;valor afegit brut (milions €);;141296,7
2015;Metropolità;"comerç a l'engròs i al detall; reparació de vehicles de motor i motocicletes";valor afegit brut (milions €);;19849,4
2015;Metropolità;transport, informació i comunicacions;valor afegit brut (milions €);;13170,4
2015;Metropolità;hostaleria;valor afegit brut (milions €);;8086,6
2015;Metropolità;activitats financeres i d'assegurances;valor afegit brut (milions €);;5352,9
2015;Metropolità;activitats immobiliàries, tècniques i administratives;valor afegit brut (milions €);;32191,6
2015;Metropolità;administració pública i altres serveis;valor afegit brut (milions €);;27329,4
2015;Metropolità;total;valor afegit brut (milions €);;105980,3
2015;Comarques Gironines;"comerç a l'engròs i al detall; reparació de vehicles de motor i motocicletes";valor afegit brut (milions €);;2268,5
2015;Comarques Gironines;transport, informació i comunicacions;valor afegit brut (milions €);;802
2015;Comarques Gironines;hostaleria;valor afegit brut (milions €);;1483,9
2015;Comarques Gironines;activitats financeres i d'assegurances;valor afegit brut (milions €);;473,3
2015;Comarques Gironines;activitats immobiliàries, tècniques i administratives;valor afegit brut (milions €);;3237,7
2015;Comarques Gironines;administració pública i altres serveis;valor afegit brut (milions €);;3514,7
2015;Comarques Gironines;total;valor afegit brut (milions €);;11780,2
2015;Camp de Tarragona;"comerç a l'engròs i al detall; reparació de vehicles de motor i motocicletes";valor afegit brut (milions €);;1383,4
2015;Camp de Tarragona;transport, informació i comunicacions;valor afegit brut (milions €);;902,9
2015;Camp de Tarragona;hostaleria;valor afegit brut (milions €);;942,5
2015;Camp de Tarragona;activitats financeres i d'assegurances;valor afegit brut (milions €);;304,9
2015;Camp de Tarragona;activitats immobiliàries, tècniques i administratives;valor afegit brut (milions €);;2138,8
2015;Camp de Tarragona;administració pública i altres serveis;valor afegit brut (milions €);;2846,4
2015;Camp de Tarragona;total;valor afegit brut (milions €);;8518,8
2015;Terres de l'Ebre;"comerç a l'engròs i al detall; reparació de vehicles de motor i motocicletes";valor afegit brut (milions €);;446,6
2015;Terres de l'Ebre;transport, informació i comunicacions;valor afegit brut (milions €);;165,9
2015;Terres de l'Ebre;hostaleria;valor afegit brut (milions €);;177,7
2015;Terres de l'Ebre;activitats financeres i d'assegurances;valor afegit brut (milions €);;95,4
2015;Terres de l'Ebre;activitats immobiliàries, tècniques i administratives;valor afegit brut (milions €);;487,9
2015;Terres de l'Ebre;administració pública i altres serveis;valor afegit brut (milions €);;733,5
2015;Terres de l'Ebre;total;valor afegit brut (milions €);;2107,1
2015;Ponent;"comerç a l'engròs i al detall; reparació de vehicles de motor i motocicletes";valor afegit brut (milions €);;1205,9
2015;Ponent;transport, informació i comunicacions;valor afegit brut (milions €);;538,6
2015;Ponent;hostaleria;valor afegit brut (milions €);;310,9
2015;Ponent;activitats financeres i d'assegurances;valor afegit brut (milions €);;211,6
2015;Ponent;activitats immobiliàries, tècniques i administratives;valor afegit brut (milions €);;1056
2015;Ponent;administració pública i altres serveis;valor afegit brut (milions €);;1952,5
2015;Ponent;total;valor afegit brut (milions €);;5275,6
2015;Comarques Centrals;"comerç a l'engròs i al detall; reparació de vehicles de motor i motocicletes";valor afegit brut (milions €);;1212,8
2015;Comarques Centrals;transport, informació i comunicacions;valor afegit brut (milions €);;427
2015;Comarques Centrals;hostaleria;valor afegit brut (milions €);;349,5
2015;Comarques Centrals;activitats financeres i d'assegurances;valor afegit brut (milions €);;221,3
2015;Comarques Centrals;activitats immobiliàries, tècniques i administratives;valor afegit brut (milions €);;1660,5
2015;Comarques Centrals;administració pública i altres serveis;valor afegit brut (milions €);;1605,2
2015;Comarques Centrals;total;valor afegit brut (milions €);;5476,3
2015;Alt Pirineu i Aran;"comerç a l'engròs i al detall; reparació de vehicles de motor i motocicletes";valor afegit brut (milions €);;173,1
2015;Alt Pirineu i Aran;transport, informació i comunicacions;valor afegit brut (milions €);;66,4
2015;Alt Pirineu i Aran;hostaleria;valor afegit brut (milions €);;240,7
2015;Alt Pirineu i Aran;activitats financeres i d'assegurances;valor afegit brut (milions €);;31,5
2015;Alt Pirineu i Aran;activitats immobiliàries, tècniques i administratives;valor afegit brut (milions €);;245,8
2015;Alt Pirineu i Aran;administració pública i altres serveis;valor afegit brut (milions €);;387,3
2015;Alt Pirineu i Aran;total;valor afegit brut (milions €);;1144,7
2015;Penedès;"comerç a l'engròs i al detall; reparació de vehicles de motor i motocicletes";valor afegit brut (milions €);;1083,9
2015;Penedès;transport, informació i comunicacions;valor afegit brut (milions €);;411
2015;Penedès;hostaleria;valor afegit brut (milions €);;539,6
2015;Penedès;activitats financeres i d'assegurances;valor afegit brut (milions €);;249,8
2015;Penedès;activitats immobiliàries, tècniques i administratives;valor afegit brut (milions €);;1877
2015;Penedès;administració pública i altres serveis;valor afegit brut (milions €);;1518,9
2015;Penedès;total;valor afegit brut (milions €);;5680,2
2015;Catalunya;"comerç a l'engròs i al detall; reparació de vehicles de motor i motocicletes";valor afegit brut (milions €);;27623,6
2015;Catalunya;transport, informació i comunicacions;valor afegit brut (milions €);;16484,2
2015;Catalunya;hostaleria;valor afegit brut (milions €);;12131,3
2015;Catalunya;activitats financeres i d'assegurances;valor afegit brut (milions €);;6940,7
2015;Catalunya;activitats immobiliàries, tècniques i administratives;valor afegit brut (milions €);;42895,5
2015;Catalunya;administració pública i altres serveis;valor afegit brut (milions €);;39888
2015;Catalunya;total;valor afegit brut (milions €);;145963,2
2016;Metropolità;"comerç a l'engròs i al detall; reparació de vehicles de motor i motocicletes";valor afegit brut (milions €);;21022,1
2016;Metropolità;transport, informació i comunicacions;valor afegit brut (milions €);;13573
2016;Metropolità;hostaleria;valor afegit brut (milions €);;8725,9
2016;Metropolità;activitats financeres i d'assegurances;valor afegit brut (milions €);;5200,5
2016;Metropolità;activitats immobiliàries, tècniques i administratives;valor afegit brut (milions €);;33067,7
2016;Metropolità;administració pública i altres serveis;valor afegit brut (milions €);;28513,5
2016;Metropolità;total;valor afegit brut (milions €);;110102,7
2016;Comarques Gironines;"comerç a l'engròs i al detall; reparació de vehicles de motor i motocicletes";valor afegit brut (milions €);;2358,1
2016;Comarques Gironines;transport, informació i comunicacions;valor afegit brut (milions €);;824,2
2016;Comarques Gironines;hostaleria;valor afegit brut (milions €);;1532,4
2016;Comarques Gironines;activitats financeres i d'assegurances;valor afegit brut (milions €);;428,7
2016;Comarques Gironines;activitats immobiliàries, tècniques i administratives;valor afegit brut (milions €);;3336
2016;Comarques Gironines;administració pública i altres serveis;valor afegit brut (milions €);;3615,1
2016;Comarques Gironines;total;valor afegit brut (milions €);;12094,6
2016;Camp de Tarragona;"comerç a l'engròs i al detall; reparació de vehicles de motor i motocicletes";valor afegit brut (milions €);;1434,3
2016;Camp de Tarragona;transport, informació i comunicacions;valor afegit brut (milions €);;946,6
2016;Camp de Tarragona;hostaleria;valor afegit brut (milions €);;1003,7
2016;Camp de Tarragona;activitats financeres i d'assegurances;valor afegit brut (milions €);;268,3
2016;Camp de Tarragona;activitats immobiliàries, tècniques i administratives;valor afegit brut (milions €);;2154,2
2016;Camp de Tarragona;administració pública i altres serveis;valor afegit brut (milions €);;2934,2
2016;Camp de Tarragona;total;valor afegit brut (milions €);;8741,2
2016;Terres de l'Ebre;"comerç a l'engròs i al detall; reparació de vehicles de motor i motocicletes";valor afegit brut (milions €);;461
2016;Terres de l'Ebre;transport, informació i comunicacions;valor afegit brut (milions €);;172,7
2016;Terres de l'Ebre;hostaleria;valor afegit brut (milions €);;187,1
2016;Terres de l'Ebre;activitats financeres i d'assegurances;valor afegit brut (milions €);;105,8
2016;Terres de l'Ebre;activitats immobiliàries, tècniques i administratives;valor afegit brut (milions €);;487,4
2016;Terres de l'Ebre;administració pública i altres serveis;valor afegit brut (milions €);;755,5
2016;Terres de l'Ebre;total;valor afegit brut (milions €);;2169,5
2016;Ponent;"comerç a l'engròs i al detall; reparació de vehicles de motor i motocicletes";valor afegit brut (milions €);;1322,7
2016;Ponent;transport, informació i comunicacions;valor afegit brut (milions €);;560,8
2016;Ponent;hostaleria;valor afegit brut (milions €);;374,1
2016;Ponent;activitats financeres i d'assegurances;valor afegit brut (milions €);;220,1
2016;Ponent;activitats immobiliàries, tècniques i administratives;valor afegit brut (milions €);;1290,4
2016;Ponent;administració pública i altres serveis;valor afegit brut (milions €);;1882,5
2016;Ponent;total;valor afegit brut (milions €);;5650,6
2016;Comarques Centrals;"comerç a l'engròs i al detall; reparació de vehicles de motor i motocicletes";valor afegit brut (milions €);;1252,5
2016;Comarques Centrals;transport, informació i comunicacions;valor afegit brut (milions €);;434,1
2016;Comarques Centrals;hostaleria;valor afegit brut (milions €);;409,3
2016;Comarques Centrals;activitats financeres i d'assegurances;valor afegit brut (milions €);;310,1
2016;Comarques Centrals;activitats immobiliàries, tècniques i administratives;valor afegit brut (milions €);;1704,5
2016;Comarques Centrals;administració pública i altres serveis;valor afegit brut (milions €);;1620,8
2016;Comarques Centrals;total;valor afegit brut (milions €);;5731,2
2016;Alt Pirineu i Aran;"comerç a l'engròs i al detall; reparació de vehicles de motor i motocicletes";valor afegit brut (milions €);;177,2
2016;Alt Pirineu i Aran;transport, informació i comunicacions;valor afegit brut (milions €);;66,8
2016;Alt Pirineu i Aran;hostaleria;valor afegit brut (milions €);;257,2
2016;Alt Pirineu i Aran;activitats financeres i d'assegurances;valor afegit brut (milions €);;43,7
2016;Alt Pirineu i Aran;activitats immobiliàries, tècniques i administratives;valor afegit brut (milions €);;287,1
2016;Alt Pirineu i Aran;administració pública i altres serveis;valor afegit brut (milions €);;396,4
2016;Alt Pirineu i Aran;total;valor afegit brut (milions €);;1228,4
2016;Penedès;"comerç a l'engròs i al detall; reparació de vehicles de motor i motocicletes";valor afegit brut (milions €);;1146,5
2016;Penedès;transport, informació i comunicacions;valor afegit brut (milions €);;458,1
2016;Penedès;hostaleria;valor afegit brut (milions €);;586,4
2016;Penedès;activitats financeres i d'assegurances;valor afegit brut (milions €);;278,4
2016;Penedès;activitats immobiliàries, tècniques i administratives;valor afegit brut (milions €);;1882,7
2016;Penedès;administració pública i altres serveis;valor afegit brut (milions €);;1598,6
2016;Penedès;total;valor afegit brut (milions €);;5950,6
2016;Catalunya;"comerç a l'engròs i al detall; reparació de vehicles de motor i motocicletes";valor afegit brut (milions €);;29174,2
2016;Catalunya;transport, informació i comunicacions;valor afegit brut (milions €);;17036,3
2016;Catalunya;hostaleria;valor afegit brut (milions €);;13076,1
2016;Catalunya;activitats financeres i d'assegurances;valor afegit brut (milions €);;6855,7
2016;Catalunya;activitats immobiliàries, tècniques i administratives;valor afegit brut (milions €);;44210
2016;Catalunya;administració pública i altres serveis;valor afegit brut (milions €);;41316,5
2016;Catalunya;total;valor afegit brut (milions €);;151668,9
2017;Metropolità;"comerç a l'engròs i al detall; reparació de vehicles de motor i motocicletes";valor afegit brut (milions €);;21607,2
2017;Metropolità;transport, informació i comunicacions;valor afegit brut (milions €);;14863,6
2017;Metropolità;hostaleria;valor afegit brut (milions €);;9323
2017;Metropolità;activitats financeres i d'assegurances;valor afegit brut (milions €);;5203
2017;Metropolità;activitats immobiliàries, tècniques i administratives;valor afegit brut (milions €);;34686,2
2017;Metropolità;administració pública i altres serveis;valor afegit brut (milions €);;29121,8
2017;Metropolità;total;valor afegit brut (milions €);;114804,8
2017;Comarques Gironines;"comerç a l'engròs i al detall; reparació de vehicles de motor i motocicletes";valor afegit brut (milions €);;2426,7
2017;Comarques Gironines;transport, informació i comunicacions;valor afegit brut (milions €);;891,8
2017;Comarques Gironines;hostaleria;valor afegit brut (milions €);;1694,4
2017;Comarques Gironines;activitats financeres i d'assegurances;valor afegit brut (milions €);;445,2
2017;Comarques Gironines;activitats immobiliàries, tècniques i administratives;valor afegit brut (milions €);;3253,9
2017;Comarques Gironines;administració pública i altres serveis;valor afegit brut (milions €);;3774,3
2017;Comarques Gironines;total;valor afegit brut (milions €);;12486,4
2017;Camp de Tarragona;"comerç a l'engròs i al detall; reparació de vehicles de motor i motocicletes";valor afegit brut (milions €);;1499,7
2017;Camp de Tarragona;transport, informació i comunicacions;valor afegit brut (milions €);;862,9
2017;Camp de Tarragona;hostaleria;valor afegit brut (milions €);;1135,5
2017;Camp de Tarragona;activitats financeres i d'assegurances;valor afegit brut (milions €);;283,8
2017;Camp de Tarragona;activitats immobiliàries, tècniques i administratives;valor afegit brut (milions €);;2233,9
2017;Camp de Tarragona;administració pública i altres serveis;valor afegit brut (milions €);;2990,4
2017;Camp de Tarragona;total;valor afegit brut (milions €);;9006,2
2017;Terres de l'Ebre;"comerç a l'engròs i al detall; reparació de vehicles de motor i motocicletes";valor afegit brut (milions €);;474
2017;Terres de l'Ebre;transport, informació i comunicacions;valor afegit brut (milions €);;182,5
2017;Terres de l'Ebre;hostaleria;valor afegit brut (milions €);;211,2
2017;Terres de l'Ebre;activitats financeres i d'assegurances;valor afegit brut (milions €);;111,1
2017;Terres de l'Ebre;activitats immobiliàries, tècniques i administratives;valor afegit brut (milions €);;519,3
2017;Terres de l'Ebre;administració pública i altres serveis;valor afegit brut (milions €);;758,7
2017;Terres de l'Ebre;total;valor afegit brut (milions €);;2256,8
2017;Ponent;"comerç a l'engròs i al detall; reparació de vehicles de motor i motocicletes";valor afegit brut (milions €);;1351,8
2017;Ponent;transport, informació i comunicacions;valor afegit brut (milions €);;619,6
2017;Ponent;hostaleria;valor afegit brut (milions €);;411,5
2017;Ponent;activitats financeres i d'assegurances;valor afegit brut (milions €);;230,2
2017;Ponent;activitats immobiliàries, tècniques i administratives;valor afegit brut (milions €);;1296,2
2017;Ponent;administració pública i altres serveis;valor afegit brut (milions €);;1978,4
2017;Ponent;total;valor afegit brut (milions €);;5887,7
2017;Comarques Centrals;"comerç a l'engròs i al detall; reparació de vehicles de motor i motocicletes";valor afegit brut (milions €);;1279,6
2017;Comarques Centrals;transport, informació i comunicacions;valor afegit brut (milions €);;456,3
2017;Comarques Centrals;hostaleria;valor afegit brut (milions €);;425,2
2017;Comarques Centrals;activitats financeres i d'assegurances;valor afegit brut (milions €);;317,7
2017;Comarques Centrals;activitats immobiliàries, tècniques i administratives;valor afegit brut (milions €);;1754,4
2017;Comarques Centrals;administració pública i altres serveis;valor afegit brut (milions €);;1814,5
2017;Comarques Centrals;total;valor afegit brut (milions €);;6047,5
2017;Alt Pirineu i Aran;"comerç a l'engròs i al detall; reparació de vehicles de motor i motocicletes";valor afegit brut (milions €);;178
2017;Alt Pirineu i Aran;transport, informació i comunicacions;valor afegit brut (milions €);;68,2
2017;Alt Pirineu i Aran;hostaleria;valor afegit brut (milions €);;288,6
2017;Alt Pirineu i Aran;activitats financeres i d'assegurances;valor afegit brut (milions €);;46,7
2017;Alt Pirineu i Aran;activitats immobiliàries, tècniques i administratives;valor afegit brut (milions €);;294,1
2017;Alt Pirineu i Aran;administració pública i altres serveis;valor afegit brut (milions €);;389,5
2017;Alt Pirineu i Aran;total;valor afegit brut (milions €);;1265,1
2017;Penedès;"comerç a l'engròs i al detall; reparació de vehicles de motor i motocicletes";valor afegit brut (milions €);;1193,9
2017;Penedès;transport, informació i comunicacions;valor afegit brut (milions €);;469,3
2017;Penedès;hostaleria;valor afegit brut (milions €);;655,8
2017;Penedès;activitats financeres i d'assegurances;valor afegit brut (milions €);;291,1
2017;Penedès;activitats immobiliàries, tècniques i administratives;valor afegit brut (milions €);;1993,9
2017;Penedès;administració pública i altres serveis;valor afegit brut (milions €);;1641,7
2017;Penedès;total;valor afegit brut (milions €);;6245,6
2017;Catalunya;"comerç a l'engròs i al detall; reparació de vehicles de motor i motocicletes";valor afegit brut (milions €);;30011
2017;Catalunya;transport, informació i comunicacions;valor afegit brut (milions €);;18414,2
2017;Catalunya;hostaleria;valor afegit brut (milions €);;14145,2
2017;Catalunya;activitats financeres i d'assegurances;valor afegit brut (milions €);;6928,8
2017;Catalunya;activitats immobiliàries, tècniques i administratives;valor afegit brut (milions €);;46031,8
2017;Catalunya;administració pública i altres serveis;valor afegit brut (milions €);;42469,2
2017;Catalunya;total;valor afegit brut (milions €);;158000,1
2018;Metropolità;"comerç a l'engròs i al detall; reparació de vehicles de motor i motocicletes";valor afegit brut (milions €);;22175,3
2018;Metropolità;transport, informació i comunicacions;valor afegit brut (milions €);;15416,1
2018;Metropolità;hostaleria;valor afegit brut (milions €);;9443,1
2018;Metropolità;activitats financeres i d'assegurances;valor afegit brut (milions €);;5750
2018;Metropolità;activitats immobiliàries, tècniques i administratives;valor afegit brut (milions €);;37104,3
2018;Metropolità;administració pública i altres serveis;valor afegit brut (milions €);;30319,3
2018;Metropolità;total;valor afegit brut (milions €);;120208,1
2018;Comarques Gironines;"comerç a l'engròs i al detall; reparació de vehicles de motor i motocicletes";valor afegit brut (milions €);;2578,2
2018;Comarques Gironines;transport, informació i comunicacions;valor afegit brut (milions €);;914,7
2018;Comarques Gironines;hostaleria;valor afegit brut (milions €);;1760,9
2018;Comarques Gironines;activitats financeres i d'assegurances;valor afegit brut (milions €);;471,5
2018;Comarques Gironines;activitats immobiliàries, tècniques i administratives;valor afegit brut (milions €);;3345,2
2018;Comarques Gironines;administració pública i altres serveis;valor afegit brut (milions €);;3920,8
2018;Comarques Gironines;total;valor afegit brut (milions €);;12991,3
2018;Camp de Tarragona;"comerç a l'engròs i al detall; reparació de vehicles de motor i motocicletes";valor afegit brut (milions €);;1496,6
2018;Camp de Tarragona;transport, informació i comunicacions;valor afegit brut (milions €);;889,4
2018;Camp de Tarragona;hostaleria;valor afegit brut (milions €);;1156,3
2018;Camp de Tarragona;activitats financeres i d'assegurances;valor afegit brut (milions €);;297
2018;Camp de Tarragona;activitats immobiliàries, tècniques i administratives;valor afegit brut (milions €);;2297,4
2018;Camp de Tarragona;administració pública i altres serveis;valor afegit brut (milions €);;3134
2018;Camp de Tarragona;total;valor afegit brut (milions €);;9270,7
2018;Terres de l'Ebre;"comerç a l'engròs i al detall; reparació de vehicles de motor i motocicletes";valor afegit brut (milions €);;484,2
2018;Terres de l'Ebre;transport, informació i comunicacions;valor afegit brut (milions €);;173,6
2018;Terres de l'Ebre;hostaleria;valor afegit brut (milions €);;216
2018;Terres de l'Ebre;activitats financeres i d'assegurances;valor afegit brut (milions €);;111,2
2018;Terres de l'Ebre;activitats immobiliàries, tècniques i administratives;valor afegit brut (milions €);;520,9
2018;Terres de l'Ebre;administració pública i altres serveis;valor afegit brut (milions €);;796,8
2018;Terres de l'Ebre;total;valor afegit brut (milions €);;2302,6
2018;Ponent;"comerç a l'engròs i al detall; reparació de vehicles de motor i motocicletes";valor afegit brut (milions €);;1399,6
2018;Ponent;transport, informació i comunicacions;valor afegit brut (milions €);;582,9
2018;Ponent;hostaleria;valor afegit brut (milions €);;489
2018;Ponent;activitats financeres i d'assegurances;valor afegit brut (milions €);;236,7
2018;Ponent;activitats immobiliàries, tècniques i administratives;valor afegit brut (milions €);;1308,6
2018;Ponent;administració pública i altres serveis;valor afegit brut (milions €);;2062,2
2018;Ponent;total;valor afegit brut (milions €);;6079
2018;Comarques Centrals;"comerç a l'engròs i al detall; reparació de vehicles de motor i motocicletes";valor afegit brut (milions €);;1304,4
2018;Comarques Centrals;transport, informació i comunicacions;valor afegit brut (milions €);;502,5
2018;Comarques Centrals;hostaleria;valor afegit brut (milions €);;436,2
2018;Comarques Centrals;activitats financeres i d'assegurances;valor afegit brut (milions €);;343,7
2018;Comarques Centrals;activitats immobiliàries, tècniques i administratives;valor afegit brut (milions €);;1804,2
2018;Comarques Centrals;administració pública i altres serveis;valor afegit brut (milions €);;1824,4
2018;Comarques Centrals;total;valor afegit brut (milions €);;6215,4
2018;Alt Pirineu i Aran;"comerç a l'engròs i al detall; reparació de vehicles de motor i motocicletes";valor afegit brut (milions €);;186,9
2018;Alt Pirineu i Aran;transport, informació i comunicacions;valor afegit brut (milions €);;74,4
2018;Alt Pirineu i Aran;hostaleria;valor afegit brut (milions €);;293,5
2018;Alt Pirineu i Aran;activitats financeres i d'assegurances;valor afegit brut (milions €);;51,1
2018;Alt Pirineu i Aran;activitats immobiliàries, tècniques i administratives;valor afegit brut (milions €);;299,6
2018;Alt Pirineu i Aran;administració pública i altres serveis;valor afegit brut (milions €);;411,9
2018;Alt Pirineu i Aran;total;valor afegit brut (milions €);;1317,4
2018;Penedès;"comerç a l'engròs i al detall; reparació de vehicles de motor i motocicletes";valor afegit brut (milions €);;1252,3
2018;Penedès;transport, informació i comunicacions;valor afegit brut (milions €);;355,6
2018;Penedès;hostaleria;valor afegit brut (milions €);;665,3
2018;Penedès;activitats financeres i d'assegurances;valor afegit brut (milions €);;308,2
2018;Penedès;activitats immobiliàries, tècniques i administratives;valor afegit brut (milions €);;2073
2018;Penedès;administració pública i altres serveis;valor afegit brut (milions €);;1703,7
2018;Penedès;total;valor afegit brut (milions €);;6358
2018;Catalunya;"comerç a l'engròs i al detall; reparació de vehicles de motor i motocicletes";valor afegit brut (milions €);;30877,3
2018;Catalunya;transport, informació i comunicacions;valor afegit brut (milions €);;18909,1
2018;Catalunya;hostaleria;valor afegit brut (milions €);;14460,4
2018;Catalunya;activitats financeres i d'assegurances;valor afegit brut (milions €);;7569,3
2018;Catalunya;activitats immobiliàries, tècniques i administratives;valor afegit brut (milions €);;48753,2
2018;Catalunya;administració pública i altres serveis;valor afegit brut (milions €);;44173,1
2018;Catalunya;total;valor afegit brut (milions €);;164742,4
2019;Metropolità;"comerç a l'engròs i al detall; reparació de vehicles de motor i motocicletes";valor afegit brut (milions €);;22498,7
2019;Metropolità;transport, informació i comunicacions;valor afegit brut (milions €);;16119,4
2019;Metropolità;hostaleria;valor afegit brut (milions €);;10183
2019;Metropolità;activitats financeres i d'assegurances;valor afegit brut (milions €);;5505
2019;Metropolità;activitats immobiliàries, tècniques i administratives;valor afegit brut (milions €);;39954
2019;Metropolità;administració pública i altres serveis;valor afegit brut (milions €);;31537,9
2019;Metropolità;total;valor afegit brut (milions €);;125798,1
2019;Comarques Gironines;"comerç a l'engròs i al detall; reparació de vehicles de motor i motocicletes";valor afegit brut (milions €);;2653,6
2019;Comarques Gironines;transport, informació i comunicacions;valor afegit brut (milions €);;896,2
2019;Comarques Gironines;hostaleria;valor afegit brut (milions €);;1897,9
2019;Comarques Gironines;activitats financeres i d'assegurances;valor afegit brut (milions €);;468,7
2019;Comarques Gironines;activitats immobiliàries, tècniques i administratives;valor afegit brut (milions €);;3716,6
2019;Comarques Gironines;administració pública i altres serveis;valor afegit brut (milions €);;3829,4
2019;Comarques Gironines;total;valor afegit brut (milions €);;13462,5
2019;Camp de Tarragona;"comerç a l'engròs i al detall; reparació de vehicles de motor i motocicletes";valor afegit brut (milions €);;1506,6
2019;Camp de Tarragona;transport, informació i comunicacions;valor afegit brut (milions €);;909,6
2019;Camp de Tarragona;hostaleria;valor afegit brut (milions €);;1196,8
2019;Camp de Tarragona;activitats financeres i d'assegurances;valor afegit brut (milions €);;291
2019;Camp de Tarragona;activitats immobiliàries, tècniques i administratives;valor afegit brut (milions €);;2440,6
2019;Camp de Tarragona;administració pública i altres serveis;valor afegit brut (milions €);;3174,2
2019;Camp de Tarragona;total;valor afegit brut (milions €);;9518,8
2019;Terres de l'Ebre;"comerç a l'engròs i al detall; reparació de vehicles de motor i motocicletes";valor afegit brut (milions €);;500,8
2019;Terres de l'Ebre;transport, informació i comunicacions;valor afegit brut (milions €);;188,3
2019;Terres de l'Ebre;hostaleria;valor afegit brut (milions €);;222,4
2019;Terres de l'Ebre;activitats financeres i d'assegurances;valor afegit brut (milions €);;118,2
2019;Terres de l'Ebre;activitats immobiliàries, tècniques i administratives;valor afegit brut (milions €);;553,8
2019;Terres de l'Ebre;administració pública i altres serveis;valor afegit brut (milions €);;817,2
2019;Terres de l'Ebre;total;valor afegit brut (milions €);;2400,7
2019;Ponent;"comerç a l'engròs i al detall; reparació de vehicles de motor i motocicletes";valor afegit brut (milions €);;1432
2019;Ponent;transport, informació i comunicacions;valor afegit brut (milions €);;636,1
2019;Ponent;hostaleria;valor afegit brut (milions €);;478,7
2019;Ponent;activitats financeres i d'assegurances;valor afegit brut (milions €);;233
2019;Ponent;activitats immobiliàries, tècniques i administratives;valor afegit brut (milions €);;1404,2
2019;Ponent;administració pública i altres serveis;valor afegit brut (milions €);;2064,6
2019;Ponent;total;valor afegit brut (milions €);;6248,5
2019;Comarques Centrals;"comerç a l'engròs i al detall; reparació de vehicles de motor i motocicletes";valor afegit brut (milions €);;1270,6
2019;Comarques Centrals;transport, informació i comunicacions;valor afegit brut (milions €);;527,9
2019;Comarques Centrals;hostaleria;valor afegit brut (milions €);;461,5
2019;Comarques Centrals;activitats financeres i d'assegurances;valor afegit brut (milions €);;367,2
2019;Comarques Centrals;activitats immobiliàries, tècniques i administratives;valor afegit brut (milions €);;1688,6
2019;Comarques Centrals;administració pública i altres serveis;valor afegit brut (milions €);;1773,6
2019;Comarques Centrals;total;valor afegit brut (milions €);;6089,4
2019;Alt Pirineu i Aran;"comerç a l'engròs i al detall; reparació de vehicles de motor i motocicletes";valor afegit brut (milions €);;184
2019;Alt Pirineu i Aran;transport, informació i comunicacions;valor afegit brut (milions €);;75,8
2019;Alt Pirineu i Aran;hostaleria;valor afegit brut (milions €);;292,2
2019;Alt Pirineu i Aran;activitats financeres i d'assegurances;valor afegit brut (milions €);;52,9
2019;Alt Pirineu i Aran;activitats immobiliàries, tècniques i administratives;valor afegit brut (milions €);;333,7
2019;Alt Pirineu i Aran;administració pública i altres serveis;valor afegit brut (milions €);;406,7
2019;Alt Pirineu i Aran;total;valor afegit brut (milions €);;1345,2
2019;Penedès;"comerç a l'engròs i al detall; reparació de vehicles de motor i motocicletes";valor afegit brut (milions €);;1260,6
2019;Penedès;transport, informació i comunicacions;valor afegit brut (milions €);;514
2019;Penedès;hostaleria;valor afegit brut (milions €);;734,7
2019;Penedès;activitats financeres i d'assegurances;valor afegit brut (milions €);;331,3
2019;Penedès;activitats immobiliàries, tècniques i administratives;valor afegit brut (milions €);;2275,4
2019;Penedès;administració pública i altres serveis;valor afegit brut (milions €);;1724,4
2019;Penedès;total;valor afegit brut (milions €);;6840,5
2019;Catalunya;"comerç a l'engròs i al detall; reparació de vehicles de motor i motocicletes";valor afegit brut (milions €);;31307
2019;Catalunya;transport, informació i comunicacions;valor afegit brut (milions €);;19867,3
2019;Catalunya;hostaleria;valor afegit brut (milions €);;15467,3
2019;Catalunya;activitats financeres i d'assegurances;valor afegit brut (milions €);;7367,2
2019;Catalunya;activitats immobiliàries, tècniques i administratives;valor afegit brut (milions €);;52366,8
2019;Catalunya;administració pública i altres serveis;valor afegit brut (milions €);;45328
2019;Catalunya;total;valor afegit brut (milions €);;171703,7
2020;Metropolità;"comerç a l'engròs i al detall; reparació de vehicles de motor i motocicletes";valor afegit brut (milions €);;20154,2
2020;Metropolità;transport, informació i comunicacions;valor afegit brut (milions €);;13760
2020;Metropolità;hostaleria;valor afegit brut (milions €);;4419,5
2020;Metropolità;activitats financeres i d'assegurances;valor afegit brut (milions €);;5828,8
2020;Metropolità;activitats immobiliàries, tècniques i administratives;valor afegit brut (milions €);;37379,4
2020;Metropolità;administració pública i altres serveis;valor afegit brut (milions €);;30162,4
2020;Metropolità;total;valor afegit brut (milions €);;111704,2
2020;Comarques Gironines;"comerç a l'engròs i al detall; reparació de vehicles de motor i motocicletes";valor afegit brut (milions €);;2385,8
2020;Comarques Gironines;transport, informació i comunicacions;valor afegit brut (milions €);;1016,7
2020;Comarques Gironines;hostaleria;valor afegit brut (milions €);;924,6
2020;Comarques Gironines;activitats financeres i d'assegurances;valor afegit brut (milions €);;478,5
2020;Comarques Gironines;activitats immobiliàries, tècniques i administratives;valor afegit brut (milions €);;3524,7
2020;Comarques Gironines;administració pública i altres serveis;valor afegit brut (milions €);;3678,1
2020;Comarques Gironines;total;valor afegit brut (milions €);;12008,3
2020;Camp de Tarragona;"comerç a l'engròs i al detall; reparació de vehicles de motor i motocicletes";valor afegit brut (milions €);;1416
2020;Camp de Tarragona;transport, informació i comunicacions;valor afegit brut (milions €);;813,9
2020;Camp de Tarragona;hostaleria;valor afegit brut (milions €);;547,6
2020;Camp de Tarragona;activitats financeres i d'assegurances;valor afegit brut (milions €);;288,5
2020;Camp de Tarragona;activitats immobiliàries, tècniques i administratives;valor afegit brut (milions €);;2323
2020;Camp de Tarragona;administració pública i altres serveis;valor afegit brut (milions €);;2870,5
2020;Camp de Tarragona;total;valor afegit brut (milions €);;8259,6
2020;Terres de l'Ebre;"comerç a l'engròs i al detall; reparació de vehicles de motor i motocicletes";valor afegit brut (milions €);;465,5
2020;Terres de l'Ebre;transport, informació i comunicacions;valor afegit brut (milions €);;143,8
2020;Terres de l'Ebre;hostaleria;valor afegit brut (milions €);;126,1
2020;Terres de l'Ebre;activitats financeres i d'assegurances;valor afegit brut (milions €);;108,1
2020;Terres de l'Ebre;activitats immobiliàries, tècniques i administratives;valor afegit brut (milions €);;529,6
2020;Terres de l'Ebre;administració pública i altres serveis;valor afegit brut (milions €);;825,8
2020;Terres de l'Ebre;total;valor afegit brut (milions €);;2198,9
2020;Ponent;"comerç a l'engròs i al detall; reparació de vehicles de motor i motocicletes";valor afegit brut (milions €);;1320,2
2020;Ponent;transport, informació i comunicacions;valor afegit brut (milions €);;588,8
2020;Ponent;hostaleria;valor afegit brut (milions €);;243,4
2020;Ponent;activitats financeres i d'assegurances;valor afegit brut (milions €);;235,9
2020;Ponent;activitats immobiliàries, tècniques i administratives;valor afegit brut (milions €);;1326,6
2020;Ponent;administració pública i altres serveis;valor afegit brut (milions €);;2042,1
2020;Ponent;total;valor afegit brut (milions €);;5757,1
2020;Comarques Centrals;"comerç a l'engròs i al detall; reparació de vehicles de motor i motocicletes";valor afegit brut (milions €);;1196,3
2020;Comarques Centrals;transport, informació i comunicacions;valor afegit brut (milions €);;438,3
2020;Comarques Centrals;hostaleria;valor afegit brut (milions €);;273,9
2020;Comarques Centrals;activitats financeres i d'assegurances;valor afegit brut (milions €);;381,3
2020;Comarques Centrals;activitats immobiliàries, tècniques i administratives;valor afegit brut (milions €);;1608,2
2020;Comarques Centrals;administració pública i altres serveis;valor afegit brut (milions €);;1829,3
2020;Comarques Centrals;total;valor afegit brut (milions €);;5727,2
2020;Alt Pirineu i Aran;"comerç a l'engròs i al detall; reparació de vehicles de motor i motocicletes";valor afegit brut (milions €);;162
2020;Alt Pirineu i Aran;transport, informació i comunicacions;valor afegit brut (milions €);;68,3
2020;Alt Pirineu i Aran;hostaleria;valor afegit brut (milions €);;165,4
2020;Alt Pirineu i Aran;activitats financeres i d'assegurances;valor afegit brut (milions €);;56,2
2020;Alt Pirineu i Aran;activitats immobiliàries, tècniques i administratives;valor afegit brut (milions €);;318,8
2020;Alt Pirineu i Aran;administració pública i altres serveis;valor afegit brut (milions €);;405,8
2020;Alt Pirineu i Aran;total;valor afegit brut (milions €);;1176,6
2020;Penedès;"comerç a l'engròs i al detall; reparació de vehicles de motor i motocicletes";valor afegit brut (milions €);;1159,1
2020;Penedès;transport, informació i comunicacions;valor afegit brut (milions €);;449
2020;Penedès;hostaleria;valor afegit brut (milions €);;366
2020;Penedès;activitats financeres i d'assegurances;valor afegit brut (milions €);;344,5
2020;Penedès;activitats immobiliàries, tècniques i administratives;valor afegit brut (milions €);;2120,8
2020;Penedès;administració pública i altres serveis;valor afegit brut (milions €);;1760,4
2020;Penedès;total;valor afegit brut (milions €);;6199,9
2020;Catalunya;"comerç a l'engròs i al detall; reparació de vehicles de motor i motocicletes";valor afegit brut (milions €);;28259,1
2020;Catalunya;transport, informació i comunicacions;valor afegit brut (milions €);;17278,8
2020;Catalunya;hostaleria;valor afegit brut (milions €);;7066,5
2020;Catalunya;activitats financeres i d'assegurances;valor afegit brut (milions €);;7721,9
2020;Catalunya;activitats immobiliàries, tècniques i administratives;valor afegit brut (milions €);;49131,1
2020;Catalunya;administració pública i altres serveis;valor afegit brut (milions €);;43574,5
2020;Catalunya;total;valor afegit brut (milions €);;153031,9
2021;Metropolità;"comerç a l'engròs i al detall; reparació de vehicles de motor i motocicletes";valor afegit brut (milions €);p;22919,3
2021;Metropolità;transport, informació i comunicacions;valor afegit brut (milions €);p;14843
2021;Metropolità;hostaleria;valor afegit brut (milions €);p;6255,8
2021;Metropolità;activitats financeres i d'assegurances;valor afegit brut (milions €);p;5961,1
2021;Metropolità;activitats immobiliàries, tècniques i administratives;valor afegit brut (milions €);p;38900,1
2021;Metropolità;administració pública i altres serveis;valor afegit brut (milions €);p;31194,4
2021;Metropolità;total;valor afegit brut (milions €);p;120073,9
2021;Comarques Gironines;"comerç a l'engròs i al detall; reparació de vehicles de motor i motocicletes";valor afegit brut (milions €);p;2804,3
2021;Comarques Gironines;transport, informació i comunicacions;valor afegit brut (milions €);p;908,5
2021;Comarques Gironines;hostaleria;valor afegit brut (milions €);p;1493,3
2021;Comarques Gironines;activitats financeres i d'assegurances;valor afegit brut (milions €);p;475
2021;Comarques Gironines;activitats immobiliàries, tècniques i administratives;valor afegit brut (milions €);p;3748,7
2021;Comarques Gironines;administració pública i altres serveis;valor afegit brut (milions €);p;3924,2
2021;Comarques Gironines;total;valor afegit brut (milions €);p;13353,9
2021;Camp de Tarragona;"comerç a l'engròs i al detall; reparació de vehicles de motor i motocicletes";valor afegit brut (milions €);p;1630,5
2021;Camp de Tarragona;transport, informació i comunicacions;valor afegit brut (milions €);p;793,7
2021;Camp de Tarragona;hostaleria;valor afegit brut (milions €);p;856,1
2021;Camp de Tarragona;activitats financeres i d'assegurances;valor afegit brut (milions €);p;289,5
2021;Camp de Tarragona;activitats immobiliàries, tècniques i administratives;valor afegit brut (milions €);p;2485,3
2021;Camp de Tarragona;administració pública i altres serveis;valor afegit brut (milions €);p;3096,1
2021;Camp de Tarragona;total;valor afegit brut (milions €);p;9151,2
2021;Terres de l'Ebre;"comerç a l'engròs i al detall; reparació de vehicles de motor i motocicletes";valor afegit brut (milions €);p;556,1
2021;Terres de l'Ebre;transport, informació i comunicacions;valor afegit brut (milions €);p;165,4
2021;Terres de l'Ebre;hostaleria;valor afegit brut (milions €);p;193,7
2021;Terres de l'Ebre;activitats financeres i d'assegurances;valor afegit brut (milions €);p;121,2
2021;Terres de l'Ebre;activitats immobiliàries, tècniques i administratives;valor afegit brut (milions €);p;543,9
2021;Terres de l'Ebre;administració pública i altres serveis;valor afegit brut (milions €);p;862,6
2021;Terres de l'Ebre;total;valor afegit brut (milions €);p;2443
2021;Ponent;"comerç a l'engròs i al detall; reparació de vehicles de motor i motocicletes";valor afegit brut (milions €);p;1575,6
2021;Ponent;transport, informació i comunicacions;valor afegit brut (milions €);p;684
2021;Ponent;hostaleria;valor afegit brut (milions €);p;342,4
2021;Ponent;activitats financeres i d'assegurances;valor afegit brut (milions €);p;231,9
2021;Ponent;activitats immobiliàries, tècniques i administratives;valor afegit brut (milions €);p;1395,3
2021;Ponent;administració pública i altres serveis;valor afegit brut (milions €);p;2147,4
2021;Ponent;total;valor afegit brut (milions €);p;6376,6
2021;Comarques Centrals;"comerç a l'engròs i al detall; reparació de vehicles de motor i motocicletes";valor afegit brut (milions €);p;1378,4
2021;Comarques Centrals;transport, informació i comunicacions;valor afegit brut (milions €);p;466,8
2021;Comarques Centrals;hostaleria;valor afegit brut (milions €);p;358,4
2021;Comarques Centrals;activitats financeres i d'assegurances;valor afegit brut (milions €);p;398,8
2021;Comarques Centrals;activitats immobiliàries, tècniques i administratives;valor afegit brut (milions €);p;1770,6
2021;Comarques Centrals;administració pública i altres serveis;valor afegit brut (milions €);p;1957
2021;Comarques Centrals;total;valor afegit brut (milions €);p;6330
2021;Alt Pirineu i Aran;"comerç a l'engròs i al detall; reparació de vehicles de motor i motocicletes";valor afegit brut (milions €);p;193,7
2021;Alt Pirineu i Aran;transport, informació i comunicacions;valor afegit brut (milions €);p;69,1
2021;Alt Pirineu i Aran;hostaleria;valor afegit brut (milions €);p;221,4
2021;Alt Pirineu i Aran;activitats financeres i d'assegurances;valor afegit brut (milions €);p;54,1
2021;Alt Pirineu i Aran;activitats immobiliàries, tècniques i administratives;valor afegit brut (milions €);p;324,9
2021;Alt Pirineu i Aran;administració pública i altres serveis;valor afegit brut (milions €);p;412,1
2021;Alt Pirineu i Aran;total;valor afegit brut (milions €);p;1275,3
2021;Penedès;"comerç a l'engròs i al detall; reparació de vehicles de motor i motocicletes";valor afegit brut (milions €);p;1379,7
2021;Penedès;transport, informació i comunicacions;valor afegit brut (milions €);p;491,1
2021;Penedès;hostaleria;valor afegit brut (milions €);p;500,3
2021;Penedès;activitats financeres i d'assegurances;valor afegit brut (milions €);p;354,6
2021;Penedès;activitats immobiliàries, tècniques i administratives;valor afegit brut (milions €);p;2180,1
2021;Penedès;administració pública i altres serveis;valor afegit brut (milions €);p;1891,6
2021;Penedès;total;valor afegit brut (milions €);p;6797,4
2021;Catalunya;"comerç a l'engròs i al detall; reparació de vehicles de motor i motocicletes";valor afegit brut (milions €);p;32437,7
2021;Catalunya;transport, informació i comunicacions;valor afegit brut (milions €);p;18421,6
2021;Catalunya;hostaleria;valor afegit brut (milions €);p;10221,6
2021;Catalunya;activitats financeres i d'assegurances;valor afegit brut (milions €);p;7886,2
2021;Catalunya;activitats immobiliàries, tècniques i administratives;valor afegit brut (milions €);p;51349
2021;Catalunya;administració pública i altres serveis;valor afegit brut (milions €);p;45485,4
2021;Catalunya;total;valor afegit brut (milions €);p;165801,3
2022;Metropolità;"comerç a l'engròs i al detall; reparació de vehicles de motor i motocicletes";valor afegit brut (milions €);p;26150,7
2022;Metropolità;transport, informació i comunicacions;valor afegit brut (milions €);p;17043,2
2022;Metropolità;hostaleria;valor afegit brut (milions €);p;9421,8
2022;Metropolità;activitats financeres i d'assegurances;valor afegit brut (milions €);p;6508
2022;Metropolità;activitats immobiliàries, tècniques i administratives;valor afegit brut (milions €);p;42588,8
2022;Metropolità;administració pública i altres serveis;valor afegit brut (milions €);p;33761,5
2022;Metropolità;total;valor afegit brut (milions €);p;135474
2022;Comarques Gironines;"comerç a l'engròs i al detall; reparació de vehicles de motor i motocicletes";valor afegit brut (milions €);p;3392,2
2022;Comarques Gironines;transport, informació i comunicacions;valor afegit brut (milions €);p;1154,8
2022;Comarques Gironines;hostaleria;valor afegit brut (milions €);p;2034,7
2022;Comarques Gironines;activitats financeres i d'assegurances;valor afegit brut (milions €);p;524,6
2022;Comarques Gironines;activitats immobiliàries, tècniques i administratives;valor afegit brut (milions €);p;3985
2022;Comarques Gironines;administració pública i altres serveis;valor afegit brut (milions €);p;4246,9
2022;Comarques Gironines;total;valor afegit brut (milions €);p;15338,2
2022;Camp de Tarragona;"comerç a l'engròs i al detall; reparació de vehicles de motor i motocicletes";valor afegit brut (milions €);p;1863,1
2022;Camp de Tarragona;transport, informació i comunicacions;valor afegit brut (milions €);p;981,5
2022;Camp de Tarragona;hostaleria;valor afegit brut (milions €);p;1271,2
2022;Camp de Tarragona;activitats financeres i d'assegurances;valor afegit brut (milions €);p;313,7
2022;Camp de Tarragona;activitats immobiliàries, tècniques i administratives;valor afegit brut (milions €);p;2682,1
2022;Camp de Tarragona;administració pública i altres serveis;valor afegit brut (milions €);p;3458,5
2022;Camp de Tarragona;total;valor afegit brut (milions €);p;10570,1
2022;Terres de l'Ebre;"comerç a l'engròs i al detall; reparació de vehicles de motor i motocicletes";valor afegit brut (milions €);p;634,6
2022;Terres de l'Ebre;transport, informació i comunicacions;valor afegit brut (milions €);p;192,8
2022;Terres de l'Ebre;hostaleria;valor afegit brut (milions €);p;253,6
2022;Terres de l'Ebre;activitats financeres i d'assegurances;valor afegit brut (milions €);p;127,6
2022;Terres de l'Ebre;activitats immobiliàries, tècniques i administratives;valor afegit brut (milions €);p;578,3
2022;Terres de l'Ebre;administració pública i altres serveis;valor afegit brut (milions €);p;922,4
2022;Terres de l'Ebre;total;valor afegit brut (milions €);p;2709,2
2022;Ponent;"comerç a l'engròs i al detall; reparació de vehicles de motor i motocicletes";valor afegit brut (milions €);p;1914,9
2022;Ponent;transport, informació i comunicacions;valor afegit brut (milions €);p;807
2022;Ponent;hostaleria;valor afegit brut (milions €);p;450,4
2022;Ponent;activitats financeres i d'assegurances;valor afegit brut (milions €);p;254,9
2022;Ponent;activitats immobiliàries, tècniques i administratives;valor afegit brut (milions €);p;1475,5
2022;Ponent;administració pública i altres serveis;valor afegit brut (milions €);p;2269,1
2022;Ponent;total;valor afegit brut (milions €);p;7171,8
2022;Comarques Centrals;"comerç a l'engròs i al detall; reparació de vehicles de motor i motocicletes";valor afegit brut (milions €);p;1580,3
2022;Comarques Centrals;transport, informació i comunicacions;valor afegit brut (milions €);p;547,7
2022;Comarques Centrals;hostaleria;valor afegit brut (milions €);p;453,7
2022;Comarques Centrals;activitats financeres i d'assegurances;valor afegit brut (milions €);p;430,4
2022;Comarques Centrals;activitats immobiliàries, tècniques i administratives;valor afegit brut (milions €);p;1876,3
2022;Comarques Centrals;administració pública i altres serveis;valor afegit brut (milions €);p;2108,5
2022;Comarques Centrals;total;valor afegit brut (milions €);p;6996,9
2022;Alt Pirineu i Aran;"comerç a l'engròs i al detall; reparació de vehicles de motor i motocicletes";valor afegit brut (milions €);p;227
2022;Alt Pirineu i Aran;transport, informació i comunicacions;valor afegit brut (milions €);p;80,4
2022;Alt Pirineu i Aran;hostaleria;valor afegit brut (milions €);p;299,2
2022;Alt Pirineu i Aran;activitats financeres i d'assegurances;valor afegit brut (milions €);p;59,9
2022;Alt Pirineu i Aran;activitats immobiliàries, tècniques i administratives;valor afegit brut (milions €);p;346,9
2022;Alt Pirineu i Aran;administració pública i altres serveis;valor afegit brut (milions €);p;463,3
2022;Alt Pirineu i Aran;total;valor afegit brut (milions €);p;1476,7
2022;Penedès;"comerç a l'engròs i al detall; reparació de vehicles de motor i motocicletes";valor afegit brut (milions €);p;1571,8
2022;Penedès;transport, informació i comunicacions;valor afegit brut (milions €);p;592,8
2022;Penedès;hostaleria;valor afegit brut (milions €);p;695,6
2022;Penedès;activitats financeres i d'assegurances;valor afegit brut (milions €);p;391,4
2022;Penedès;activitats immobiliàries, tècniques i administratives;valor afegit brut (milions €);p;2327,3
2022;Penedès;administració pública i altres serveis;valor afegit brut (milions €);p;2043,6
2022;Penedès;total;valor afegit brut (milions €);p;7622,4
2022;Catalunya;"comerç a l'engròs i al detall; reparació de vehicles de motor i motocicletes";valor afegit brut (milions €);p;37334,5
2022;Catalunya;transport, informació i comunicacions;valor afegit brut (milions €);p;21400,2
2022;Catalunya;hostaleria;valor afegit brut (milions €);p;14880
2022;Catalunya;activitats financeres i d'assegurances;valor afegit brut (milions €);p;8610,4
2022;Catalunya;activitats immobiliàries, tècniques i administratives;valor afegit brut (milions €);p;55860,4
2022;Catalunya;administració pública i altres serveis;valor afegit brut (milions €);p;49273,7
2022;Catalunya;total;valor afegit brut (milions €);p;187359,2
